level,page_num,block_num,par_num,line_num,word_num,left,top,width,height,conf,text
1,1,0,0,0,0,0,0,1694,2358,-1,
2,1,1,0,0,0,184,37,1314,120,-1,
3,1,1,1,0,0,184,41,1314,112,-1,
4,1,1,1,1,0,833,42,600,21,-1,
5,1,1,1,1,1,833,57,3,4,9,:
5,1,1,1,1,2,1324,57,3,4,73,R
5,1,1,1,1,3,1409,42,24,21,87,2
4,1,1,1,2,0,184,37,1314,58,-1,
5,1,1,1,2,1,184,63,104,24,96,VVADQ
5,1,1,1,2,2,307,68,112,20,89,orqanının
5,1,1,1,2,3,440,66,74,22,96,ştampı
5,1,1,1,2,4,808,62,100,22,91,NİKAH
5,1,1,1,2,5,928,62,166,33,96,HAQQINDA
5,1,1,1,2,6,1115,62,76,22,95,AKTIN
5,1,1,1,2,7,1234,62,96,26,50,QEYDİ
5,1,1,1,2,8,1352,61,25,22,58,No
5,1,1,1,2,9,1408,37,90,55,51,7/£?3
4,1,1,1,3,0,938,81,436,76,-1,
5,1,1,1,3,1,938,89,88,38,27,"""al"
5,1,1,1,3,2,1054,81,98,76,26,"Oldu,"
5,1,1,1,3,3,1270,106,47,23,96,200
5,1,1,1,3,4,1330,92,44,36,46,Şa
2,1,2,0,0,0,1048,152,214,29,-1,
3,1,2,1,0,0,1048,152,214,29,-1,
4,1,2,1,1,0,1048,152,214,29,-1,
5,1,2,1,1,1,1048,152,102,27,96,(Birinci
5,1,2,1,1,2,1173,154,89,27,96,nüsxə)
2,1,3,0,0,0,348,119,189,109,-1,
3,1,3,1,0,0,348,119,189,109,-1,
4,1,3,1,1,0,348,119,186,36,-1,
5,1,3,1,1,1,348,145,6,5,88,I
5,1,3,1,1,2,380,119,154,36,68,ŞƏHƏRİ.
4,1,3,1,2,0,372,167,158,25,-1,
5,1,3,1,2,1,372,167,26,20,96,Dİ
5,1,3,1,2,2,424,167,106,25,96,RAYON
4,1,3,1,3,0,397,197,140,31,-1,
5,1,3,1,3,1,397,200,16,21,93,T
5,1,3,1,3,2,429,197,108,31,96,ŞÖBƏSİ
2,1,4,0,0,0,687,253,399,32,-1,
3,1,4,1,0,0,687,253,399,32,-1,
4,1,4,1,1,0,687,253,399,32,-1,
5,1,4,1,1,1,687,253,137,22,93,Evlənənlər
5,1,4,1,1,2,843,253,117,32,96,haqqında
5,1,4,1,1,3,978,253,108,22,96,məlumat
2,1,5,0,0,0,174,282,1286,168,-1,
3,1,5,1,0,0,174,282,1285,168,-1,
4,1,5,1,1,0,417,282,1008,52,-1,
5,1,5,1,1,1,417,282,17,2,29,ҹ
5,1,5,1,1,2,694,294,180,40,35,“a.
5,1,5,1,1,3,1114,282,22,18,57,m
5,1,5,1,1,4,1350,293,75,26,97,Qadın
4,1,5,1,2,0,174,322,1267,44,-1,
5,1,5,1,2,1,174,339,20,26,96,1.
5,1,5,1,2,2,216,337,87,28,91,Soyadı:
5,1,5,1,2,3,324,336,150,21,91,evlənənədək
5,1,5,1,2,4,629,322,26,38,79,kə
5,1,5,1,2,5,703,332,104,30,4,iə
5,1,5,1,2,6,819,327,103,39,43,TOL
5,1,5,1,2,7,1188,330,103,29,45,(2-1
5,1,5,1,2,8,1301,335,15,25,68,"(,"
5,1,5,1,2,9,1403,332,38,34,88,(А
4,1,5,1,3,0,245,363,1215,87,-1,
5,1,5,1,3,1,245,379,137,22,96,evlənəndən
5,1,5,1,3,2,402,384,60,16,97,sonra
5,1,5,1,3,3,616,369,33,45,68,5
5,1,5,1,3,4,664,369,33,38,18,üz
5,1,5,1,3,5,720,375,24,32,0,Ci
5,1,5,1,3,6,768,370,164,38,61,ou”
5,1,5,1,3,7,1118,384,39,66,75,/
5,1,5,1,3,8,1173,371,113,34,47,"2222,"
5,1,5,1,3,9,1364,363,96,50,0,1//к—
2,1,6,0,0,0,190,403,1209,129,-1,
3,1,6,1,0,0,190,403,1209,129,-1,
4,1,6,1,1,0,190,403,1209,55,-1,
5,1,6,1,1,1,190,422,66,21,39,”
5,1,6,1,1,2,420,446,15,2,36,k
5,1,6,1,1,3,631,403,120,55,67,42441
5,1,6,1,1,4,764,403,42,55,72,/2
5,1,6,1,1,5,1207,410,192,38,0,1/01/0.42.
4,1,6,1,2,0,190,413,1139,119,-1,
5,1,6,1,2,1,190,481,3,3,92,.
5,1,6,1,2,2,214,465,100,21,96,Atasının
5,1,6,1,2,3,334,465,33,21,96,adı
5,1,6,1,2,4,440,462,16,33,42,5:
5,1,6,1,2,5,631,451,96,48,31,724
5,1,6,1,2,6,747,451,12,48,86,7
5,1,6,1,2,7,771,451,26,48,34,6.
5,1,6,1,2,8,1100,413,229,119,10,rdar.
4,1,6,1,3,0,872,487,481,45,-1,
5,1,6,1,3,1,872,501,28,23,33,4/
5,1,6,1,3,2,913,487,105,45,54,"708,"
5,1,6,1,3,3,1244,495,109,37,44,“06.4
2,1,7,0,0,0,190,495,598,89,-1,
3,1,7,1,0,0,190,495,598,79,-1,
4,1,7,1,1,0,190,495,598,39,-1,
5,1,7,1,1,1,190,524,3,4,91,.
5,1,7,1,1,2,214,507,130,27,97,Doğulduğu
5,1,7,1,1,3,364,506,51,21,96,tarix
5,1,7,1,1,4,663,495,125,37,58,"084"")"
4,1,7,1,2,0,643,529,133,55,-1,
5,1,7,1,2,1,643,529,69,55,82,Yası:
5,1,7,1,2,2,725,529,51,55,29,"ХЛ,"
2,1,8,0,0,0,174,269,1458,27,-1,
3,1,8,1,0,0,174,269,1458,27,-1,
4,1,8,1,1,0,174,269,1458,27,-1,
5,1,8,1,1,1,174,269,1458,27,95, 
2,1,9,0,0,0,1313,317,320,8,-1,
3,1,9,1,0,0,1313,317,320,8,-1,
4,1,9,1,1,0,1313,317,320,8,-1,
5,1,9,1,1,1,1313,317,320,8,95, 
2,1,10,0,0,0,174,313,979,19,-1,
3,1,10,1,0,0,174,313,979,19,-1,
4,1,10,1,1,0,174,313,979,19,-1,
5,1,10,1,1,1,174,313,979,19,95, 
2,1,11,0,0,0,185,350,1447,27,-1,
3,1,11,1,0,0,185,350,1447,27,-1,
4,1,11,1,1,0,185,350,1447,27,-1,
5,1,11,1,1,1,185,350,1447,27,95, 
2,1,12,0,0,0,851,398,781,14,-1,
3,1,12,1,0,0,851,398,781,14,-1,
4,1,12,1,1,0,851,398,781,14,-1,
5,1,12,1,1,1,851,398,781,14,95, 
2,1,13,0,0,0,365,401,376,8,-1,
3,1,13,1,0,0,365,401,376,8,-1,
4,1,13,1,1,0,365,401,376,8,-1,
5,1,13,1,1,1,365,401,376,8,95, 
2,1,14,0,0,0,702,438,930,17,-1,
3,1,14,1,0,0,702,438,930,17,-1,
4,1,14,1,1,0,702,438,930,17,-1,
5,1,14,1,1,1,702,438,930,17,95, 
2,1,15,0,0,0,191,433,1441,27,-1,
3,1,15,1,0,0,191,433,1441,27,-1,
4,1,15,1,1,0,191,433,1441,27,-1,
5,1,15,1,1,1,191,433,1441,27,95, 
2,1,16,0,0,0,790,481,670,15,-1,
3,1,16,1,0,0,790,481,670,15,-1,
4,1,16,1,1,0,790,481,670,15,-1,
5,1,16,1,1,1,790,481,670,15,95, 
2,1,17,0,0,0,394,479,1066,19,-1,
3,1,17,1,0,0,394,479,1066,19,-1,
4,1,17,1,1,0,394,479,1066,19,-1,
5,1,17,1,1,1,394,479,1066,19,95, 
2,1,18,0,0,0,1360,487,282,46,-1,
3,1,18,1,0,0,1360,487,282,46,-1,
4,1,18,1,1,0,1360,487,282,46,-1,
5,1,18,1,1,1,1360,487,282,46,0,"/2777/1//82,."
5,1,18,1,1,2,1604,483,42,62,26,БА
2,1,19,0,0,0,189,587,1322,76,-1,
3,1,19,1,0,0,189,587,1322,76,-1,
4,1,19,1,1,0,189,587,1143,34,-1,
5,1,19,1,1,1,189,610,3,2,89,.
5,1,19,1,1,2,213,592,130,27,96,Doğulduğu
5,1,19,1,1,3,363,598,36,21,96,yer
5,1,19,1,1,4,628,592,120,27,97,respublika
5,1,19,1,1,5,768,593,31,23,95,(öl
5,1,19,1,1,6,949,601,4,3,25,“2
5,1,19,1,1,7,1018,589,24,23,15,(fd
5,1,19,1,1,8,1060,587,21,26,12,“€
5,1,19,1,1,9,1102,583,36,42,0,İ7/
5,1,19,1,1,10,1146,593,121,28,94,respublika
5,1,19,1,1,11,1287,593,45,22,96,(ölk
4,1,19,1,2,0,628,635,883,28,-1,
5,1,19,1,2,1,628,641,65,21,96,rayon
5,1,19,1,2,2,723,635,81,26,43,"(şəhər),"
5,1,19,1,2,3,824,636,89,27,96,"qəsəbə,"
5,1,19,1,2,4,934,636,56,21,97,kənd
5,1,19,1,2,5,1149,642,66,20,96,rayon
5,1,19,1,2,6,1256,636,68,24,96,"(şəhər),"
5,1,19,1,2,7,1344,636,91,27,96,"qəsəbə,"
5,1,19,1,2,8,1455,636,56,21,96,kənd
2,1,20,0,0,0,771,660,637,49,-1,
3,1,20,1,0,0,771,660,637,49,-1,
4,1,20,1,1,0,771,660,637,49,-1,
5,1,20,1,1,1,771,660,34,49,29,"""7"
5,1,20,1,1,2,824,664,31,40,20,Ел
5,1,20,1,1,3,1257,666,151,34,40,5(/46—
2,1,21,0,0,0,192,565,624,14,-1,
3,1,21,1,0,0,192,565,624,14,-1,
4,1,21,1,1,0,192,565,624,14,-1,
5,1,21,1,1,1,192,565,624,14,95, 
2,1,22,0,0,0,628,695,804,14,-1,
3,1,22,1,0,0,628,695,804,14,-1,
4,1,22,1,1,0,628,695,804,14,-1,
5,1,22,1,1,1,628,695,804,14,95, 
2,1,23,0,0,0,722,736,902,16,-1,
3,1,23,1,0,0,722,736,902,16,-1,
4,1,23,1,1,0,722,736,902,16,-1,
5,1,23,1,1,1,722,736,902,16,95, 
2,1,24,0,0,0,709,744,920,15,-1,
3,1,24,1,0,0,709,744,920,15,-1,
4,1,24,1,1,0,709,744,920,15,-1,
5,1,24,1,1,1,709,744,920,15,95, 
2,1,25,0,0,0,191,738,1438,25,-1,
3,1,25,1,0,0,191,738,1438,25,-1,
4,1,25,1,1,0,191,738,1438,25,-1,
5,1,25,1,1,1,191,738,1438,25,95, 
2,1,26,0,0,0,1061,789,518,8,-1,
3,1,26,1,0,0,1061,789,518,8,-1,
4,1,26,1,1,0,1061,789,518,8,-1,
5,1,26,1,1,1,1061,789,518,8,95, 
2,1,27,0,0,0,173,763,156,31,-1,
3,1,27,1,0,0,173,763,156,31,-1,
4,1,27,1,1,0,173,763,156,31,-1,
5,1,27,1,1,1,173,763,19,21,96,6.
5,1,27,1,1,2,212,763,117,31,96,Milliyyəti
2,1,28,0,0,0,188,788,1247,67,-1,
3,1,28,1,0,0,188,788,1247,67,-1,
4,1,28,1,1,0,188,788,1247,67,-1,
5,1,28,1,1,1,188,822,3,4,88,.
5,1,28,1,1,2,213,801,19,28,96,İş
5,1,28,1,1,3,252,806,42,26,96,yeri
5,1,28,1,1,4,315,805,111,24,96,(vəzifəsi)
5,1,28,1,1,5,613,788,7,7,90,İ
5,1,28,1,1,6,651,800,20,44,40,"/,"
5,1,28,1,1,7,686,796,193,46,19,6122
5,1,28,1,1,8,1207,788,228,67,20,180201(2
2,1,29,0,0,0,187,855,1349,147,-1,
3,1,29,1,0,0,187,855,1349,137,-1,
4,1,29,1,1,0,600,855,536,35,-1,
5,1,29,1,1,1,600,855,40,35,55,pq
5,1,29,1,1,2,1105,865,31,15,48,“a
4,1,29,1,2,0,187,886,1315,28,-1,
5,1,29,1,2,1,187,903,3,4,93,.
5,1,29,1,2,2,211,886,81,21,96,Təhsili
5,1,29,1,2,3,312,890,53,20,95,(xətt
5,1,29,1,2,4,384,886,103,24,96,çəkmək)
5,1,29,1,2,5,682,886,73,21,96,ibtidai
5,1,29,1,2,6,793,887,143,27,96,texniki-peşə
5,1,29,1,2,7,972,893,48,14,94,əsas
5,1,29,1,2,8,1163,887,72,20,96,ibtidai
5,1,29,1,2,9,1273,887,144,26,96,texniki-peşə
5,1,29,1,2,10,1453,894,49,15,91,əsas
4,1,29,1,3,0,679,927,857,22,-1,
5,1,29,1,3,1,679,930,44,17,96,orta
5,1,29,1,3,2,743,927,73,21,96,ixtisas
5,1,29,1,3,3,853,928,27,20,96,ali
5,1,29,1,3,4,900,928,72,21,96,ixtisas
5,1,29,1,3,5,1008,931,45,17,96,orta
5,1,29,1,3,6,1160,931,44,17,95,orta
5,1,29,1,3,7,1224,928,72,21,96,ixtisas
5,1,29,1,3,8,1333,927,27,21,96,ali
5,1,29,1,3,9,1381,928,73,21,96,ixtisas
5,1,29,1,3,10,1491,933,45,16,96,orta
4,1,29,1,4,0,757,964,703,38,-1,
5,1,29,1,4,1,757,964,118,38,91,natamam.
5,1,29,1,4,2,883,964,71,38,94,təhsil
5,1,29,1,4,3,1272,973,105,17,96,natamam
5,1,29,1,4,4,1398,969,62,22,96,təhsil
2,1,30,0,0,0,186,1008,1315,27,-1,
3,1,30,1,0,0,186,1008,1315,27,-1,
4,1,30,1,1,0,186,1008,1315,27,-1,
5,1,30,1,1,1,186,1025,2,3,80,.
5,1,30,1,1,2,210,1008,50,20,96,Ailə
5,1,30,1,1,3,280,1009,107,26,90,vəziyyəti
5,1,30,1,1,4,407,1010,53,22,96,(xətt
5,1,30,1,1,5,480,1008,102,24,96,çəkmək)
5,1,30,1,1,6,654,1009,151,23,96,"evlənməmiş,"
5,1,30,1,1,7,826,1010,42,23,96,"dul,"
5,1,30,1,1,8,889,1010,109,22,96,boşanmış
5,1,30,1,1,9,1157,1010,151,23,96,"evlənməmiş,"
5,1,30,1,1,10,1328,1010,42,22,96,"dul,"
5,1,30,1,1,11,1391,1010,110,23,96,boşanmış
2,1,31,0,0,0,226,786,677,12,-1,
3,1,31,1,0,0,226,786,677,12,-1,
4,1,31,1,1,0,226,786,677,12,-1,
5,1,31,1,1,1,226,786,677,12,95, 
2,1,32,0,0,0,174,856,1421,24,-1,
3,1,32,1,0,0,174,856,1421,24,-1,
4,1,32,1,1,0,174,856,1421,24,-1,
5,1,32,1,1,1,174,856,1421,24,95, 
2,1,33,0,0,0,1116,286,10,709,-1,
3,1,33,1,0,0,1116,286,10,709,-1,
4,1,33,1,1,0,1116,286,10,709,-1,
5,1,33,1,1,1,1116,286,10,709,95, 
2,1,34,0,0,0,190,988,1079,17,-1,
3,1,34,1,0,0,190,988,1079,17,-1,
4,1,34,1,1,0,190,988,1079,17,-1,
5,1,34,1,1,1,190,988,1079,17,95, 
2,1,35,0,0,0,611,366,11,696,-1,
3,1,35,1,0,0,611,366,11,696,-1,
4,1,35,1,1,0,611,366,11,696,-1,
5,1,35,1,1,1,611,366,11,696,95, 
2,1,36,0,0,0,95,1301,1298,87,-1,
3,1,36,1,0,0,95,1301,1298,76,-1,
4,1,36,1,1,0,95,1301,1298,34,-1,
5,1,36,1,1,1,95,1323,4,4,79,.
5,1,36,1,1,2,120,1301,87,26,95,Ümumi
5,1,36,1,1,3,227,1306,85,27,94,uşaqlar
5,1,36,1,1,4,330,1306,108,27,93,haqqında
5,1,36,1,1,5,449,1297,11,41,93,|
5,1,36,1,1,6,474,1306,83,26,96,"soyadı,"
5,1,36,1,1,7,577,1307,42,21,96,"adı,"
5,1,36,1,1,8,638,1306,125,28,96,doğulduğu
5,1,36,1,1,9,783,1307,52,22,96,tarix
5,1,36,1,1,10,1032,1307,83,27,96,"soyadı,"
5,1,36,1,1,11,1134,1307,43,24,97,"adı,"
5,1,36,1,1,12,1196,1308,125,27,96,doğulduğu
5,1,36,1,1,13,1341,1309,52,20,96,tarix
4,1,36,1,2,0,117,1348,543,40,-1,
5,1,36,1,2,1,117,1348,104,40,94,məlumat
5,1,36,1,2,2,540,1352,120,11,1,"ә"""
2,1,37,0,0,0,96,1371,1102,92,-1,
3,1,37,1,0,0,96,1371,1102,92,-1,
4,1,37,1,1,0,96,1371,1102,92,-1,
5,1,37,1,1,1,96,1423,3,4,92,.
5,1,37,1,1,2,120,1405,70,22,97,Daimi
5,1,37,1,1,3,210,1406,98,26,96,yaşadığı
5,1,37,1,1,4,329,1412,37,20,96,yer
5,1,37,1,1,5,468,1401,129,35,96,respublika
5,1,37,1,1,6,622,1371,96,92,5,ƏY
5,1,37,1,1,7,748,1371,70,92,0,15
5,1,37,1,1,8,840,1371,169,92,16,7727777
5,1,37,1,1,9,1034,1407,121,28,97,respublika
5,1,37,1,1,10,1174,1407,24,25,92,(öl
2,1,38,0,0,0,469,1430,1049,82,-1,
3,1,38,1,0,0,469,1430,1049,82,-1,
4,1,38,1,1,0,469,1430,1049,82,-1,
5,1,38,1,1,1,469,1450,88,62,0,туов.
5,1,38,1,1,2,554,1456,20,24,94,($
5,1,38,1,1,3,640,1471,5,7,82,2
5,1,38,1,1,4,654,1430,178,56,0,Фасбла
5,1,38,1,1,5,1035,1462,66,21,0,ту
5,1,38,1,1,6,1216,1434,5,48,0,2
5,1,38,1,1,7,1236,1430,85,60,20,"Фелә,"
5,1,38,1,1,8,1341,1453,177,35,35,kond...
2,1,39,0,0,0,93,1464,1472,357,-1,
3,1,39,1,0,0,93,1464,1472,357,-1,
4,1,39,1,1,0,503,1464,290,108,-1,
5,1,39,1,1,1,503,1496,88,34,30,"=,"
5,1,39,1,1,2,607,1464,151,108,6,(Есај)
5,1,39,1,1,3,775,1498,18,26,96,2
4,1,39,1,2,0,471,1525,992,64,-1,
5,1,39,1,2,1,471,1555,62,24,97,"küçə,"
5,1,39,1,2,2,553,1556,55,23,96,"bina,"
5,1,39,1,2,3,626,1556,82,32,93,mənzil
5,1,39,1,2,4,731,1554,33,27,86,/£:
5,1,39,1,2,5,802,1548,43,27,77,21
5,1,39,1,2,6,849,1540,81,49,60,4272
5,1,39,1,2,7,1045,1557,61,25,96,"küçə,"
5,1,39,1,2,8,1126,1557,56,24,65,"bına,"
5,1,39,1,2,9,1202,1530,138,55,15,"əl,"
5,1,39,1,2,10,1358,1525,105,64,60,772)
4,1,39,1,3,0,559,1584,682,49,-1,
5,1,39,1,3,1,559,1586,145,40,63,440742
5,1,39,1,3,2,728,1589,93,38,47,ти?
5,1,39,1,3,3,1144,1584,97,49,41,44
4,1,39,1,4,0,691,1656,713,27,-1,
5,1,39,1,4,1,691,1656,58,21,93,ildən
5,1,39,1,4,2,768,1662,98,21,93,yaşasyır
5,1,39,1,4,3,1057,1653,20,34,91,—
5,1,39,1,4,4,1061,1657,239,25,61,ildən
5,1,39,1,4,5,1319,1663,85,20,96,yaşayır
4,1,39,1,5,0,94,1678,1355,57,-1,
5,1,39,1,5,1,94,1720,3,4,88,.
5,1,39,1,5,2,118,1701,125,29,96,Şəxsiyyəti
5,1,39,1,5,3,263,1701,72,27,97,təsdiq
5,1,39,1,5,4,353,1701,56,21,97,edən
5,1,39,1,5,5,498,1678,77,57,23,ZE
5,1,39,1,5,6,589,1678,311,57,15,7072722733
5,1,39,1,5,7,1022,1687,115,40,61,ЛАР
5,1,39,1,5,8,1154,1684,295,41,26,/7o2-77727£275
4,1,39,1,6,0,116,1721,1449,75,-1,
5,1,39,1,6,1,116,1721,104,75,50,sənədlər
5,1,39,1,6,2,553,1739,30,34,42,Фу
5,1,39,1,6,3,613,1732,139,48,10,A.04
5,1,39,1,6,4,769,1736,66,43,0,/z
5,1,39,1,6,5,844,1746,48,32,42,rə
5,1,39,1,6,6,899,1738,106,53,0,0yəoqi
5,1,39,1,6,7,1032,1738,34,35,83,2?
5,1,39,1,6,8,1077,1736,109,43,43,7.06
5,1,39,1,6,9,1198,1740,29,31,49,0
5,1,39,1,6,10,1245,1749,17,24,47,x
5,1,39,1,6,11,1269,1725,148,48,2,/AS0
5,1,39,1,6,12,1428,1726,137,53,0,/eeey(T
4,1,39,1,7,0,93,1798,1045,23,-1,
5,1,39,1,7,1,93,1817,4,4,93,.
5,1,39,1,7,2,118,1799,155,21,92,Evlənənlərin
5,1,39,1,7,3,293,1798,95,22,96,imzaları
5,1,39,1,7,4,1130,1801,8,13,72,/
2,1,40,0,0,0,116,1848,288,26,-1,
3,1,40,1,0,0,116,1848,288,26,-1,
4,1,40,1,1,0,116,1848,288,26,-1,
5,1,40,1,1,1,116,1849,155,21,92,evlənənədək
5,1,40,1,1,2,290,1848,114,26,95,soyadları:
2,1,41,0,0,0,304,1384,709,11,-1,
3,1,41,1,0,0,304,1384,709,11,-1,
4,1,41,1,1,0,304,1384,709,11,-1,
5,1,41,1,1,1,304,1384,709,11,95, 
2,1,42,0,0,0,680,1525,416,9,-1,
3,1,42,1,0,0,680,1525,416,9,-1,
4,1,42,1,1,0,680,1525,416,9,-1,
5,1,42,1,1,1,680,1525,416,9,95, 
2,1,43,0,0,0,868,1684,413,9,-1,
3,1,43,1,0,0,868,1684,413,9,-1,
4,1,43,1,1,0,868,1684,413,9,-1,
5,1,43,1,1,1,868,1684,413,9,95, 
2,1,44,0,0,0,152,1682,536,14,-1,
3,1,44,1,0,0,152,1682,536,14,-1,
4,1,44,1,1,0,152,1682,536,14,-1,
5,1,44,1,1,1,152,1682,536,14,95, 
2,1,45,0,0,0,824,1771,704,12,-1,
3,1,45,1,0,0,824,1771,704,12,-1,
4,1,45,1,1,0,824,1771,704,12,-1,
5,1,45,1,1,1,824,1771,704,12,95, 
2,1,46,0,0,0,63,1770,616,14,-1,
3,1,46,1,0,0,63,1770,616,14,-1,
4,1,46,1,1,0,63,1770,616,14,-1,
5,1,46,1,1,1,63,1770,616,14,95, 
2,1,47,0,0,0,1010,1285,13,638,-1,
3,1,47,1,0,0,1010,1285,13,638,-1,
4,1,47,1,1,0,1010,1285,13,638,-1,
5,1,47,1,1,1,1010,1285,13,638,95, 
2,1,48,0,0,0,176,1922,501,11,-1,
3,1,48,1,0,0,176,1922,501,11,-1,
4,1,48,1,1,0,176,1922,501,11,-1,
5,1,48,1,1,1,176,1922,501,11,95, 
2,1,49,0,0,0,66,1945,340,27,-1,
3,1,49,1,0,0,66,1945,340,27,-1,
4,1,49,1,1,0,66,1945,340,27,-1,
5,1,49,1,1,1,66,1947,32,20,96,14.
5,1,49,1,1,2,119,1945,122,25,96,Şahidlərin
5,1,49,1,1,3,261,1946,83,26,96,"soyadı,"
5,1,49,1,1,4,364,1946,42,23,97,"adı,"
2,1,50,0,0,0,151,1969,86,15,-1,
3,1,50,1,0,0,151,1969,86,15,-1,
4,1,50,1,1,0,151,1969,86,15,-1,
5,1,50,1,1,1,151,1976,6,8,23,r
5,1,50,1,1,2,160,1969,77,15,0,ƏURLIKAAD
5,1,50,1,1,3,224,1960,17,28,0,"o,"
2,1,51,0,0,0,449,1692,6,328,-1,
3,1,51,1,0,0,449,1692,6,328,-1,
4,1,51,1,1,0,449,1692,6,328,-1,
5,1,51,1,1,1,449,1692,6,328,95, 
2,1,52,0,0,0,998,2024,520,10,-1,
3,1,52,1,0,0,998,2024,520,10,-1,
4,1,52,1,1,0,998,2024,520,10,-1,
5,1,52,1,1,1,998,2024,520,10,95, 
2,1,53,0,0,0,405,2070,1093,20,-1,
3,1,53,1,0,0,405,2070,1093,20,-1,
4,1,53,1,1,0,405,2070,1093,20,-1,
5,1,53,1,1,1,405,2070,1093,20,95, 
2,1,54,0,0,0,374,2114,1140,21,-1,
3,1,54,1,0,0,374,2114,1140,21,-1,
4,1,54,1,1,0,374,2114,1140,21,-1,
5,1,54,1,1,1,374,2114,1140,21,95, 
2,1,55,0,0,0,1098,2184,107,26,-1,
3,1,55,1,0,0,1098,2184,107,26,-1,
4,1,55,1,1,0,1098,2184,107,26,-1,
5,1,55,1,1,1,1098,2184,107,26,92,Kargüzar
2,1,56,0,0,0,0,0,1694,2358,-1,
3,1,56,1,0,0,0,0,1694,2358,-1,
4,1,56,1,1,0,0,0,1694,2358,-1,
5,1,56,1,1,1,0,0,1694,2358,95,
